method,source,traces,geo_ipc,speedup,precision,coverage,issued,useful,l2_load_miss
No L2,classic,12,1.7003670264737636,1.0,,0.0,0.0,0.0,506851.0
PPF,classic,12,1.6613652595105837,0.9770627362469724,0.038100736925300444,-0.010947990632355466,812294.0,30949.0,512400.0
Pythia,classic,12,1.831847295875069,1.0773246407124057,0.09335778517978924,0.23526440709399804,12191581.0,1138179.0,387607.0
uMAMA,classic,12,1.859014088798038,1.0933016577328472,0.04850841286965323,0.20425923989495925,27300316.0,1324295.0,403322.0
MLP,dagger_common,12,1.8543353721199396,1.0905500655146654,0.519787473801603,0.27287703881416825,2749214.0,1429007.0,368543.0
LLM,llm_common_12,12,1.763271806137105,1.036994824460807,,,,,
